locus	sample	method	length
CFHR	HG01114	assembly	1484794
CFHR	HG01114	cnvnator	1467400
CFHR	HG01114	floco	1469365
AMY	HG01114	assembly	1711150
AMY	HG01114	cnvnator	1711900
AMY	HG01114	floco	1781605
CFHR	HG01258	assembly	1569679
CFHR	HG01258	cnvnator	1537100
CFHR	HG01258	floco	1540182
AMY	HG01258	assembly	1717435
AMY	HG01258	cnvnator	1673000
AMY	HG01258	floco	1701707
CFHR	HG02018	assembly	1570592
CFHR	HG02018	cnvnator	1534200
CFHR	HG02018	floco	1552562
AMY	HG02018	assembly	1927932
AMY	HG02018	cnvnator	1979600
AMY	HG02018	floco	1934702
CFHR	HG03816	assembly	1398718
CFHR	HG03816	cnvnator	1398600
CFHR	HG03816	floco	1391403
AMY	HG03816	assembly	1528095
AMY	HG03816	cnvnator	1652500
AMY	HG03816	floco	1521018
CFHR	NA19159	assembly	1489146
CFHR	NA19159	cnvnator	1468400
CFHR	NA19159	floco	1475874
AMY	NA19159	assembly	1992974
AMY	NA19159	cnvnator	1937600
AMY	NA19159	floco	1972585
CFHR	HG00864	assembly	1570192
CFHR	HG00864	cnvnator	1536200
CFHR	HG00864	floco	1544394
AMY	HG00864	assembly	1624181
AMY	HG00864	cnvnator	1651700
AMY	HG00864	floco	1615352
CFHR	HG02492	assembly	1569574
CFHR	HG02492	cnvnator	1539800
CFHR	HG02492	floco	1542042
AMY	HG02492	assembly	1623654
AMY	HG02492	cnvnator	1660300
AMY	HG02492	floco	1610372
CFHR	HG02666	assembly	1399892
CFHR	HG02666	cnvnator	1400000
CFHR	HG02666	floco	1397319
AMY	HG02666	assembly	1646438
AMY	HG02666	cnvnator	1704200
AMY	HG02666	floco	1635170
CFHR	HG03065	assembly	1485059
CFHR	HG03065	cnvnator	1468300
CFHR	HG03065	floco	1472996
AMY	HG03065	assembly	1618319
AMY	HG03065	cnvnator	1648000
AMY	HG03065	floco	1601609
CFHR	HG04217	assembly	1568131
CFHR	HG04217	cnvnator	1534000
CFHR	HG04217	floco	1537988
AMY	HG04217	assembly	1905607
AMY	HG04217	cnvnator	1961100
AMY	HG04217	floco	1887280
